{
    "name": "Atreus",
    "vendorId": "0x1209",
    "productId": "0x2303",
    "lighting": "none",
    "matrix": {
        "rows": 4,
        "cols": 12
    },
    "layouts": {
        "keymap": [
            [
                {
                    "r": 10,
                    "rx": 1,
                    "y": -0.1,
                    "x": 1.75
                },
                "0,2"
            ],
            [
                {
                    "y": -0.65,
                    "x": 0.75
                },
                "0,1",
                {
                    "x": 1
                },
                "0,3"
            ],
            [
                {
                    "y": -0.75,
                    "x": -0.25
                },
                "0,0"
            ],
            [
                {
                    "y": -0.9,
                    "x": 3.75
                },
                "0,4"
            ],
            [
                {
                    "y": -0.7,
                    "x": 1.75
                },
                "1,2"
            ],
            [
                {
                    "y": -0.6500000000000001,
                    "x": 0.75
                },
                "1,1",
                {
                    "x": 1
                },
                "1,3"
            ],
            [
                {
                    "y": -0.75,
                    "x": -0.25
                },
                "1,0"
            ],
            [
                {
                    "y": -0.8999999999999999,
                    "x": 3.75
                },
                "1,4"
            ],
            [
                {
                    "y": -0.7,
                    "x": 1.75
                },
                "2,2"
            ],
            [
                {
                    "y": -0.6499999999999999,
                    "x": 0.75
                },
                "2,1",
                {
                    "x": 1
                },
                "2,3"
            ],
            [
                {
                    "y": -0.8500000000000001,
                    "x": 4.75
                },
                "2,5"
            ],
            [
                {
                    "y": -0.8999999999999999,
                    "x": -0.25
                },
                "2,0"
            ],
            [
                {
                    "y": -0.8999999999999999,
                    "x": 3.75
                },
                "2,4"
            ],
            [
                {
                    "y": -0.7000000000000002,
                    "x": 1.75,
                    "c": "#aaaaaa"
                },
                "3,2"
            ],
            [
                {
                    "y": -0.6499999999999999,
                    "x": 0.75
                },
                "3,1",
                {
                    "x": 1
                },
                "3,3"
            ],
            [
                {
                    "y": -0.8500000000000001,
                    "x": 4.75
                },
                "3,5"
            ],
            [
                {
                    "y": -0.8999999999999999,
                    "x": -0.25
                },
                "3,0"
            ],
            [
                {
                    "y": -0.8999999999999999,
                    "x": 3.75
                },
                "3,4"
            ],
            [
                {
                    "r": -10,
                    "rx": 7,
                    "ry": 0.965,
                    "y": -0.20000000000000007,
                    "x": 2.25,
                    "c": "#cccccc"
                },
                "0,9"
            ],
            [
                {
                    "y": -0.6500000000000001,
                    "x": 1.25
                },
                "0,8",
                {
                    "x": 1
                },
                "0,10"
            ],
            [
                {
                    "y": -0.75,
                    "x": 4.25
                },
                "0,11"
            ],
            [
                {
                    "y": -0.8999999999999999,
                    "x": 0.25
                },
                "0,7"
            ],
            [
                {
                    "y": -0.7,
                    "x": 2.25
                },
                "1,9"
            ],
            [
                {
                    "y": -0.6499999999999999,
                    "x": 1.25
                },
                "1,8",
                {
                    "x": 1
                },
                "1,10"
            ],
            [
                {
                    "y": -0.75,
                    "x": 4.25
                },
                "1,11"
            ],
            [
                {
                    "y": -0.8999999999999999,
                    "x": 0.25
                },
                "1,7"
            ],
            [
                {
                    "y": -0.7000000000000002,
                    "x": 2.25
                },
                "2,9"
            ],
            [
                {
                    "y": -0.6499999999999999,
                    "x": 1.25
                },
                "2,8",
                {
                    "x": 1
                },
                "2,10"
            ],
            [
                {
                    "y": -0.8500000000000001,
                    "x": -0.75
                },
                "2,6"
            ],
            [
                {
                    "y": -0.8999999999999999,
                    "x": 4.25
                },
                "2,11"
            ],
            [
                {
                    "y": -0.8999999999999999,
                    "x": 0.25
                },
                "2,7"
            ],
            [
                {
                    "y": -0.7000000000000002,
                    "x": 2.25,
                    "c": "#aaaaaa"
                },
                "3,9"
            ],
            [
                {
                    "y": -0.6500000000000004,
                    "x": 1.25
                },
                "3,8",
                {
                    "x": 1
                },
                "3,10"
            ],
            [
                {
                    "y": -0.8499999999999996,
                    "x": -0.75
                },
                "3,6"
            ],
            [
                {
                    "y": -0.9000000000000004,
                    "x": 4.25
                },
                "3,11"
            ],
            [
                {
                    "y": -0.9000000000000004,
                    "x": 0.25
                },
                "3,7"
            ]
        ]
    }
}
