{
	"name": "Fungo Frankenstein",
	"vendorId": "0x5892",
	"productId": "0x1234",
	"matrix": {
		"rows": 12,
		"cols": 7
	},
	"layouts": {
		"keymap": [
  [
    {
      "y": 1,
      "x": 3
    },
    "0,3",
    {
      "x": 10.75
    },
    "6,3"
  ],
  [
    {
      "y": -0.875,
      "x": 2
    },
    "0,2",
    {
      "x": 1
    },
    "0,4",
    {
      "x": 8.75
    },
    "6,2",
    {
      "x": 1
    },
    "6,4"
  ],
  [
    {
      "y": -0.875,
      "x": 5
    },
    "0,5",
    "0,6",
    {
      "x": 4.75
    },
    "6,0",
    "6,1"
  ],
  [
    {
      "y": -0.875
    },
    "0,0",
    "0,1",
    {
      "x": 14.75
    },
    "6,5",
    "6,6"
  ],
  [
    {
      "y": -0.375,
      "x": 3
    },
    "1,3",
    {
      "x": 10.75
    },
    "7,3"
  ],
  [
    {
      "y": -0.875,
      "x": 2
    },
    "1,2",
    {
      "x": 1
    },
    "1,4",
    {
      "x": 8.75
    },
    "7,2",
    {
      "x": 1
    },
    "7,4"
  ],
  [
    {
      "y": -0.875,
      "x": 5
    },
    "1,5",
    "1,6",
    {
      "x": 4.75
    },
    "7,0",
    "7,1"
  ],
  [
    {
      "y": -0.875
    },
    "1,0",
    "1,1",
    {
      "x": 14.75
    },
    "7,5",
    "7,6"
  ],
  [
    {
      "y": -0.625,
      "x": 9.5
    },
    "11,2",
    "11,3"
  ],
  [
    {
      "y": -0.75,
      "x": 3
    },
    "2,3",
    {
      "x": 10.75
    },
    "8,3"
  ],
  [
    {
      "y": -0.875,
      "x": 2
    },
    "2,2",
    {
      "x": 1
    },
    "2,4",
    {
      "x": 8.75
    },
    "8,2",
    {
      "x": 1
    },
    "8,4"
  ],
  [
    {
      "y": -0.875,
      "x": 5
    },
    "2,5",
    "2,6",
    {
      "x": 4.75
    },
    "8,0",
    "8,1"
  ],
  [
    {
      "y": -0.875
    },
    "2,0",
    "2,1",
    {
      "x": 14.75
    },
    "8,5",
    "8,6"
  ],
  [
    {
      "y": -0.875,
      "x": 7.25,
      "a": 7
    },
    "e0"
  ],
  [
    {
      "y": -0.5,
      "x": 3,
      "a": 4
    },
    "3,3",
    "3,4",
    {
      "x": 9.75
    },
    "9,3"
  ],
  [
    {
      "y": -0.875,
      "x": 2
    },
    "3,2",
    {
      "x": 10.75
    },
    "9,2",
    {
      "x": 1
    },
    "9,4"
  ],
  [
    {
      "y": -0.875,
      "x": 5
    },
    "3,5",
    "3,6",
    {
      "x": 4.75
    },
    "9,0",
    "9,1"
  ],
  [
    {
      "y": -0.875
    },
    "3,0",
    "3,1",
    {
      "x": 14.75
    },
    "9,5",
    "9,6"
  ],
  [
    {
      "y": -0.27500000000000036,
      "x": 2
    },
    "4,0",
    "4,1"
  ],
  [
    {
      "y": -0.9749999999999996,
      "x": 14.75
    },
    "10,5",
    "10,6"
  ],
  [
    {
      "y": -0.75
    },
    "5,0",
    "5,1",
    {
      "x": 14.75
    },
    "11,5",
    "11,6"
  ],
  [
    {
      "r": 5,
      "rx": 4.75,
      "ry": 5.5,
      "y": -0.25,
      "x": -0.5
    },
    "4,2"
  ],
  [
    {
      "r": 15,
      "rx": 5.25,
      "ry": 6.25,
      "y": -1
    },
    "4,3"
  ],
  [
    {
      "r": 30,
      "rx": 6.5,
      "ry": 6.5,
      "y": -1,
      "x": -0.25
    },
    "4,4"
  ],
  [
    {
      "r": 32,
      "y": -2,
      "x": -0.25
    },
    "4,6"
  ],
  [
    {
      "r": 40,
      "rx": 6.75,
      "y": -2,
      "x": 0.5
    },
    "5,2"
  ],
  [
    {
      "x": 0.5
    },
    "4,5"
  ],
  [
    {
      "r": -40,
      "rx": 12,
      "y": -2,
      "x": -1.5
    },
    "11,4"
  ],
  [
    {
      "x": -1.5
    },
    "10,1"
  ],
  [
    {
      "r": -32,
      "rx": 12.25,
      "y": -2,
      "x": -0.75
    },
    "10,0"
  ],
  [
    {
      "x": -0.75
    },
    "10,2"
  ],
  [
    {
      "r": -15,
      "rx": 13.5,
      "ry": 6.25,
      "y": -1,
      "x": -1
    },
    "10,3"
  ],
  [
    {
      "r": -5,
      "rx": 14,
      "ry": 5.5,
      "y": -0.25,
      "x": -0.5
    },
    "10,4"
  ]
		]
	}
}