{
  "name": "Lyra",
  "vendorId": "0x4443",
  "productId": "0x4C43",
  "lighting": "none",
  "matrix": { "rows": 10, "cols": 7 },
  "layouts": {

    "keymap": [
  [
    {
      "x": 4
    },
    "0,4",
    {
      "x": 5
    },
    "5,4"
  ],
  [
    {
      "y": -0.9,
      "x": 3
    },
    "0,3"
  ],
  [
    {
      "y": -1,
      "x": 5
    },
    "0,5",
    {
      "x": 3
    },
    "5,5",
    {
      "x": 1
    },
    "5,3"
  ],
  [
    {
      "y": -0.85,
      "x": 6
    },
    "0,6",
    {
      "x": 1
    },
    "5,6"
  ],
  [
    {
      "y": -0.95
    },
    "0,0",
    {
      "x": 1
    },
    "0,2",
    {
      "x": 9
    },
    "5,2",
    {
      "x": 1
    },
    "5,0"
  ],
  [
    {
      "y": -0.9,
      "x": 1
    },
    "0,1",
    {
      "x": 11
    },
    "5,1"
  ],
  [
    {
      "y": -0.4,
      "x": 4
    },
    "1,4",
    {
      "x": 5
    },
    "6,4"
  ],
  [
    {
      "y": -0.8999999999999999,
      "x": 3
    },
    "1,3",
    {
      "x": 1
    },
    "1,5",
    {
      "x": 3
    },
    "6,5",
    {
      "x": 1
    },
    "6,3"
  ],
  [
    {
      "y": -0.8500000000000001,
      "x": 6
    },
    "1,6",
    {
      "x": 1
    },
    "6,6"
  ],
  [
    {
      "y": -0.95
    },
    "1,0",
    {
      "x": 1
    },
    "1,2",
    {
      "x": 9
    },
    "6,2",
    {
      "x": 1
    },
    "6,0"
  ],
  [
    {
      "y": -0.8999999999999999,
      "x": 1
    },
    "1,1",
    {
      "x": 11
    },
    "6,1"
  ],
  [
    {
      "y": -0.3999999999999999,
      "x": 4
    },
    "2,4",
    {
      "x": 5
    },
    "7,4"
  ],
  [
    {
      "y": -0.8999999999999999,
      "x": 3
    },
    "2,3",
    {
      "x": 1
    },
    "2,5",
    {
      "x": 3
    },
    "7,5",
    {
      "x": 1
    },
    "7,3"
  ],
  [
    {
      "y": -0.8500000000000001,
      "x": 6
    },
    "2,6",
    {
      "x": 1
    },
    "7,6"
  ],
  [
    {
      "y": -0.9500000000000002
    },
    "2,0",
    {
      "x": 1
    },
    "2,2",
    {
      "x": 9
    },
    "7,2",
    {
      "x": 1
    },
    "7,0"
  ],
  [
    {
      "y": -0.8999999999999999,
      "x": 1
    },
    "2,1",
    {
      "x": 11
    },
    "7,1"
  ],
  [
    {
      "y": -0.3999999999999999,
      "x": 4
    },
    "3,4",
    {
      "x": 5
    },
    "8,4"
  ],
  [
    {
      "y": -0.8999999999999999,
      "x": 3
    },
    "3,3",
    {
      "x": 1
    },
    "3,5",
    {
      "x": 3
    },
    "8,5",
    {
      "x": 1
    },
    "8,3"
  ],
  [
    {
      "y": -0.8500000000000001,
      "x": 6
    },
    "3,6",
    {
      "x": 1
    },
    "8,6"
  ],
  [
    {
      "y": -0.9500000000000002
    },
    "3,0",
    {
      "x": 1
    },
    "3,2",
    {
      "x": 9
    },
    "8,2",
    {
      "x": 1
    },
    "8,0"
  ],
  [
    {
      "y": -0.8999999999999999,
      "x": 1
    },
    "3,1",
    {
      "x": 11
    },
    "8,1"
  ],
  [
    {
      "y": -0.40000000000000036,
      "x": 4
    },
    "4,4",
    {
      "x": 5
    },
    "9,4"
  ],
  [
    {
      "y": -0.9000000000000004,
      "x": 3
    },
    "4,3",
    {
      "x": 1
    },
    "4,5",
    {
      "x": 3
    },
    "9,5",
    {
      "x": 1
    },
    "9,3"
  ],
  [
    {
      "y": -0.7999999999999998
    },
    "4,0",
    {
      "x": 1
    },
    "4,2",
    {
      "x": 9
    },
    "9,2",
    {
      "x": 1
    },
    "9,0"
  ],
  [
    {
      "y": -0.9000000000000004,
      "x": 1
    },
    "4,1",
    {
      "x": 11
    },
    "9,1"
  ],
  [
    {
      "r": 45,
      "rx": 6.75,
      "ry": 5,
      "y": -0.5,
      "x": -0.5
    },
    "4,6"
  ],
  [
    {
      "r": -45,
      "rx": 8.25,
      "y": -0.5,
      "x": -0.5
    },
    "9,6"
  ]

]
  }
}