{
  "name": "SKErgo",
  "vendorId": "0x4B49",
  "productId": "0x534B",
  "lighting": "none",
  "matrix": {"rows": 5, "cols": 15},
  "layouts": {
    "keymap": [
      [
    {
      "y": 1,
      "x": 12.5,
      "f": 1,
      "fa": [
        3,
        0,
        0,
        0,
        0,
        0,
        0,
        0,
        0,
        0
      ]
    },
    "0,11"
  ],
  [
    {
      "y": -0.75,
      "x": 0.5
    },
    "0,0",
    "0,1",
    {
      "x": 11
    },
    "0,12",
    "0,13",
    "0,14",
    {
      "x": 0.25,
      "f": 3
    },
    "1,14"
  ],
  [
    {
      "x": 17
    },
    "2,14"
  ],
  [
    {
      "y": -0.9500000000000002,
      "x": 0.25,
      "f": 1,
      "fa": [
        3,
        0,
        0,
        0,
        0,
        0,
        0,
        0,
        0,
        0
      ],
      "w": 1.5
    },
    "1,0",
    "1,1",
    {
      "x": 10.5
    },
    "1,11",
    "1,12",
    {
      "f": 3,
      "w": 1.5
    },
    "1,13"
  ],
  [
    {
      "y": -0.04999999999999982,
      "x": 17.1,
      "f": 1,
      "fa": [
        3,
        0,
        0,
        0,
        0,
        0,
        0,
        0,
        0,
        0
      ]
    },
    "3,14"
  ],
  [
    {
      "y": -0.9500000000000002,
      "x": 0.15,
      "w": 1.75
    },
    "2,0",
    "2,1",
    {
      "x": 9.7
    },
    "2,10",
    "2,11",
    {
      "w": 2.25
    },
    "2,12"
  ],
  [
    {
      "w": 2.25
    },
    "3,0",
    "3,1",
    {
      "x": 10
    },
    "3,10",
    {
      "w": 1.75
    },
    "3,11"
  ],
  [
    {
      "y": -0.5499999999999998,
      "x": 16.25
    },
    "3,13"
  ],
  [
    {
      "y": -0.4500000000000002,
      "w": 1.25
    },
    "4,0"
  ],
  [
    {
      "y": -0.5499999999999998,
      "x": 15.25,
      "f2": 0
    },
    "4,12",
    "4,13",
    "4,14"
  ],
  [
    {
      "rx": 3,
      "ry": 4.25,
      "y": -3,
      "x": -0.5,
      "fa": [
        3,
        0,
        0,
        0,
        0,
        0,
        0,
        0,
        0,
        0
      ]
    },
    "0,2"
  ],
  [
    {
      "r": 10,
      "y": -1,
      "x": 0.25
    },
    "0,3",
    "0,4",
    "0,5",
    "0,6"
  ],
  [
    {
      "x": -0.25
    },
    "1,2",
    "1,3",
    "1,4",
    "1,5"
  ],
  [
    "2,2",
    "2,3",
    "2,4",
    "2,5"
  ],
  [
    {
      "x": 0.5
    },
    "3,2",
    "3,3",
    "3,4",
    "3,5"
  ],
  [
    {
      "x": 0.5,
      "f2": 0,
      "w": 1.5
    },
    "4,2",
    {
      "f": 3,
      "w": 2
    },
    "4,4",
    "4,5"
  ],
  [
    {
      "r": -10,
      "rx": 12.5,
      "y": -3,
      "x": -3.75,
      "f": 1,
      "fa": [
        3,
        0,
        0,
        0,
        0,
        0,
        0,
        0,
        0,
        0
      ]
    },
    "0,7",
    "0,8",
    "0,9",
    "0,10"
  ],
  [
    {
      "x": -4.25
    },
    "1,6",
    "1,7",
    "1,8",
    "1,9",
    "1,10"
  ],
  [
    {
      "x": -4
    },
    "2,6",
    "2,7",
    "2,8",
    "2,9"
  ],
  [
    {
      "x": -3.5
    },
    "3,6",
    "3,7",
    "3,8",
    "3,9"
  ],
  [
    {
      "x": -4,
      "f2": 0,
      "w": 2.75
    },
    "4,7",
    {
      "w": 1.5
    },
    "4,9"
  ]


]
  }
}
