{
  "name": "Atreus",
  "vendorId": "0x1209",
  "productId": "0xA1E5",
  "lighting": "none",
  "matrix": { "rows": 4, "cols": 11},
  "layouts": {
      "keymap": [
        [
          {
            "r": 10,
            "rx": 1,
            "y": -0.09999999999999998,
            "x": 2
          },
          "0,2"
        ],
        [
          {
            "y": -0.65,
            "x": 1
          },
          "0,1",
          {
            "x": 1
          },
          "0,3"
        ],
        [
          {
            "y": -0.75
          },
          "0,0"
        ],
        [
          {
            "y": -0.9,
            "x": 4
          },
          "0,4"
        ],
        [
          {
            "y": -0.7000000000000001,
            "x": 2
          },
          "1,2"
        ],
        [
          {
            "y": -0.6499999999999999,
            "x": 1
          },
          "1,1",
          {
            "x": 1
          },
          "1,3"
        ],
        [
          {
            "y": -0.75
          },
          "1,0"
        ],
        [
          {
            "y": -0.8999999999999999,
            "x": 4
          },
          "1,4"
        ],
        [
          {
            "y": -0.7000000000000002,
            "x": 2
          },
          "2,2"
        ],
        [
          {
            "y": -0.6499999999999999,
            "x": 1
          },
          "2,1",
          {
            "x": 1
          },
          "2,3"
        ],
        [
          {
            "y": -0.75
          },
          "2,0"
        ],
        [
          {
            "y": -0.8999999999999999,
            "x": 4
          },
          "2,4"
        ],
        [
          {
            "y": -0.75,
            "x": 5,
            "c": "#aaaaaa",
            "h": 1.5
          },
          "2,5"
        ],
        [
          {
            "y": -0.9500000000000002,
            "x": 2
          },
          "3,2"
        ],
        [
          {
            "y": -0.6499999999999999,
            "x": 1
          },
          "3,1",
          {
            "x": 1
          },
          "3,3"
        ],
        [
          {
            "y": -0.75,
            "c": "#777777"
          },
          "3,0"
        ],
        [
          {
            "y": -0.8999999999999999,
            "x": 4,
            "c": "#aaaaaa"
          },
          "3,4"
        ],
        [
          {
            "r": -10,
            "rx": 7,
            "ry": 0.965,
            "y": -0.20000000000000018,
            "x": 2,
            "c": "#cccccc"
          },
          "0,8"
        ],
        [
          {
            "y": -0.6499999999999999,
            "x": 1
          },
          "0,7",
          {
            "x": 1
          },
          "0,9"
        ],
        [
          {
            "y": -0.75,
            "x": 4
          },
          "0,10"
        ],
        [
          {
            "y": -0.8999999999999999
          },
          "0,6"
        ],
        [
          {
            "y": -0.7000000000000002,
            "x": 2
          },
          "1,8"
        ],
        [
          {
            "y": -0.6499999999999999,
            "x": 1
          },
          "1,7",
          {
            "x": 1
          },
          "1,9"
        ],
        [
          {
            "y": -0.75,
            "x": 4
          },
          "1,10"
        ],
        [
          {
            "y": -0.8999999999999999
          },
          "1,6"
        ],
        [
          {
            "y": -0.7000000000000002,
            "x": 2
          },
          "2,8"
        ],
        [
          {
            "y": -0.6499999999999999,
            "x": 1
          },
          "2,7",
          {
            "x": 1
          },
          "2,9"
        ],
        [
          {
            "y": -0.7500000000000004,
            "x": 4
          },
          "2,10"
        ],
        [
          {
            "y": -0.9000000000000004
          },
          "2,6"
        ],
        [
          {
            "y": -0.7499999999999996,
            "x": -1,
            "c": "#aaaaaa",
            "h": 1.5
          },
          "3,5"
        ],
        [
          {
            "y": -0.9499999999999997,
            "x": 2,
            "c": "#cccccc"
          },
          "3,8"
        ],
        [
          {
            "y": -0.6500000000000004,
            "x": 1,
            "c": "#aaaaaa"
          },
          "3,7",
          {
            "x": 1,
            "c": "#cccccc"
          },
          "3,9"
        ],
        [
          {
            "y": -0.75,
            "x": 4,
            "c": "#777777"
          },
          "3,10"
        ],
        [
          {
            "y": -0.9000000000000004,
            "c": "#cccccc"
          },
          "3,6"
        ]
      ]
  }
}
