{
    "name": "FancyAlice66",
    "vendorId": "0xECED",
    "productId": "0x3663",
    "lighting": "qmk_backlight_rgblight",
    "matrix": { "rows": 5, "cols": 16 },
    "layouts": {

      "keymap":
        [
            [
              {
                "y": 0.7,
                "x": 16.5
              },
              "0,15"
            ],
            [
              {
                "y": -0.9,
                "x": 2.75
              },
              "0,2",
              {
                "x": 8.4
              },
              "0,11"
            ],
            [
              {
                "y": -0.85,
                "x": 0.75
              },
              "0,0",
              "0,1",
              {
                "x": 10.4
              },
              "0,12",
              {
                "w": 2
              },
              "0,13"
            ],
            [
              {
                "y": -0.25,
                "x": 16.75
              },
              "1,15"
            ],
            [
              {
                "y": -0.75,
                "x": 0.5,
                "w": 1.5
              },
              "1,0",
              "1,1",
              {
                "x": 9.9
              },
              "1,12",
              "1,13",
              {
                "w": 1.5
              },
              "1,14"
            ],
            [
              {
                "y": -0.25,
                "x": 17
              },
              "2,15"
            ],
            [
              {
                "y": -0.75,
                "x": 0.25,
                "w": 1.75
              },
              "2,0",
              "2,1",
              {
                "x": 9.5
              },
              "2,11",
              "2,12",
              {
                "w": 2.25
              },
              "2,13"
            ],
            [
              {
                "y": -4.440892098500626e-16,
                "x": 13
              },
              "3,11"
            ],
            [
              {
                "y": -0.9999999999999996,
                "w": 2.25
              },
              "3,0",
              "3,1",
              {
                "x": 10.75,
                "w": 1.75
              },
              "3,12"
            ],
            [
              {
                "y": -0.75,
                "x": 16
              },
              "3,14"
            ],
            [
              {
                "y": -0.25,
                "w": 1.5
              },
              "4,0"
            ],
            [
                {
                  "y": -0.8499999999999996,
                  "x": 13
                },
                "4,11",
                "4,12"
            ],
            [
              {
                "y": -0.9000000000000004,
                "x": 15
              },
              "4,13",
              "4,14",
              "4,15"
            ],
            [
              {
                "r": 12.5,
                "ry": 0.25,
                "y": -0.1,
                "x": 4
              },
              "0,3",
              "0,4",
              "0,5",
              "0,6"
            ],
            [
              {
                "x": 3.5
              },
              "1,2",
              "1,3",
              "1,4",
              "1,5"
            ],
            [
              {
                "x": 3.75
              },
              "2,2",
              "2,3",
              "2,4",
              "2,5"
            ],
            [
              {
                "x": 4.25
              },
              "3,2",
              "3,3",
              "3,4",
              "3,5"
            ],
            [
              {
                "x": 4,
                "w": 1.5
              },
              "4,2",
              {
                "x": 0.009999999999999787,
                "w": 2.25
              },
              "4,3",
              {
                "x": 0.019999999999999574
              },
              "4,6"
            ],
            [
              {
                "r": -12.5,
                "y": -1.5499999999999998,
                "x": 7.5
              },
              "0,7",
              "0,8",
              "0,9",
              "0,10"
            ],
            [
              {
                "x": 7
              },
              "1,7",
              "1,8",
              "1,9",
              "1,10",
              "1,11"
            ],
            [
              {
                "x": 7.25
              },
              "2,7",
              "2,8",
              "2,9",
              "2,10"
            ],
            [
              {
                "x": 7.5
              },
              "3,7",
              "3,8",
              "3,9",
              "3,10"
            ],
            [
              {
                "x": 7.25,
                "w": 2.75
              },
              "4,7",
              {
                "x": 0.009999999999999787,
                "w": 1.5
              },
              "4,10"
            ]
      ]
    }
  }
